{"cameraMode":{"drawMode":0,"name":"Shaded","section":"Shading Mode"},"sceneLighting":true,"audioPlay":false,"sceneViewState":{"m_AlwaysRefresh":false,"showFog":true,"showSkybox":true,"showFlares":true,"showImageEffects":true,"showParticleSystems":true,"showVisualEffectGraphs":true,"m_FxEnabled":true},"in2DMode":false,"pivot":{"x":0.6910589933395386,"y":0.5279428958892822,"z":2.0249600410461427},"rotation":{"x":0.189239963889122,"y":-0.17424166202545167,"z":0.034143008291721347,"w":0.9657486081123352},"size":1.9125418663024903,"orthographic":false}