{"cameraMode":{"drawMode":0,"name":"Shaded","section":"Shading Mode"},"sceneLighting":true,"audioPlay":false,"sceneViewState":{"m_AlwaysRefresh":false,"showFog":true,"showSkybox":true,"showFlares":true,"showImageEffects":true,"showParticleSystems":true,"showVisualEffectGraphs":true,"m_FxEnabled":true},"in2DMode":false,"pivot":{"x":1.6417322158813477,"y":3.7312235832214357,"z":10.092878341674805},"rotation":{"x":-0.10857634246349335,"y":-0.8570160269737244,"z":0.20156896114349366,"w":-0.4616377651691437},"size":6.499995231628418,"orthographic":false}