{"cameraMode":{"drawMode":0,"name":"Shaded","section":"Shading Mode"},"sceneLighting":false,"audioPlay":false,"sceneViewState":{"m_AlwaysRefresh":false,"showFog":true,"showSkybox":false,"showFlares":true,"showImageEffects":true,"showParticleSystems":true,"showVisualEffectGraphs":true,"m_FxEnabled":true},"in2DMode":false,"pivot":{"x":2.4493963718414308,"y":-4.0964226722717289,"z":-10.96016788482666},"rotation":{"x":0.03243044763803482,"y":0.9608394503593445,"z":-0.24370357394218446,"w":0.12786228954792024},"size":0.8660253882408142,"orthographic":false}